{
  "test_cases": [
    {
      "name": "female average",
      "ground_truth": {
        "arm_length_cm": "55.0",
        "chest_circumference_cm": "90.0",
        "front_build_cm": "32.0_tbr",
        "hips_circumference_cm": "76.0",
        "leg_length_cm": "102.0",
        "neck_circumference_cm": "36.0",
        "neck_waist_length_front_cm": "46.0_tbr",
        "pelvis_circumference_cm": "101.0",
        "shoulder_width_cm": "38.0",
        "thigh_circumference_cm": "56.0",
        "under_chest_circumference_cm": "79.0",
        "waist_circumference_cm": "73.0",
        "height": "165.0",
        "weight": "60.0",
        "age": "37",
        "gender": "female",
        "race": "caucasian",
        "profession": "Executives"
      },
      "predictions": {
        "arm_length_cm": 55.0,
        "chest_circumference_cm": 60.092457354068756,
        "front_build_cm": 32.0,
        "hips_circumference_cm": 76.1171126484871,
        "leg_length_cm": 102.0,
        "neck_circumference_cm": 60.092457354068756,
        "neck_waist_length_front_cm": 46.0,
        "pelvis_circumference_cm": 101.15563654601573,
        "shoulder_width_cm": 54.336808276514766,
        "thigh_circumference_cm": 30.046228677034378,
        "under_chest_circumference_cm": 79.12173551619053,
        "waist_circumference_cm": 73.11248978078365,
        "height": 165.0,
        "weight": 60.0,
        "shoulder_width": 54.336808276514766,
        "hip_width": 48.39284430929268,
        "waist_width": 51.70752836328961,
        "body_height": 200,
        "left_arm_length": 62.564554303589134,
        "arm_circumference": 18.027737206220625,
        "left_leg_length": 120,
        "thigh_circumference": 30.046228677034378,
        "neck_circumference": 60.092457354068756,
        "chest_circumference": 60.092457354068756,
        "estimated_weight": 106.03192476651084,
        "hip_width_cm": 48.39284430929268,
        "waist_width_cm": 51.70752836328961,
        "body_height_cm": 200,
        "left_arm_length_cm": 62.564554303589134,
        "left_leg_length_cm": 120,
        "arm_circumference_cm": 18.027737206220625,
        "height_cm": 200
      },
      "metrics": {
        "mae": 27.95621769931698,
        "mape": 42.295052210147816,
        "rmse": 29.153735167677453,
        "exact_matches": 0,
        "within_5_percent": 0,
        "within_10_percent": 0,
        "total_comparisons": 13,
        "accuracy_5_percent": 0.0,
        "accuracy_10_percent": 0.0,
        "exact_accuracy": 0.0
      },
      "images_analyzed": [
        "front_img",
        "selfie_img",
        "side_img"
      ],
      "body_fat": 26.3,
      "muscle_mass": 34.7,
      "bmr": 1235
    },
    {
      "name": "female overweight",
      "ground_truth": {
        "arm_length_cm": "51.0",
        "chest_circumference_cm": "104.0",
        "front_build_cm": "38.0",
        "hips_circumference_cm": "110.0",
        "leg_length_cm": "91.0",
        "neck_circumference_cm": "36.0",
        "neck_waist_length_front_cm": "49.0",
        "pelvis_circumference_cm": "133.0",
        "shoulder_width_cm": "44.0_tbr",
        "thigh_circumference_cm": "68.0",
        "under_chest_circumference_cm": "92.0",
        "waist_circumference_cm": "91.0_tbr",
        "height": "159.0",
        "weight": "89.0",
        "age": "55",
        "gender": "female",
        "race": "caucasian",
        "profession": "Employees"
      },
      "predictions": {
        "arm_length_cm": 51.0,
        "chest_circumference_cm": 118.13676907947237,
        "front_build_cm": 38.0,
        "hips_circumference_cm": 110.05079329013824,
        "leg_length_cm": 91.0,
        "neck_circumference_cm": 60.0277054309845,
        "neck_waist_length_front_cm": 49.0,
        "pelvis_circumference_cm": 133.06141370534897,
        "shoulder_width_cm": 42.51419643071107,
        "thigh_circumference_cm": 30.01385271549225,
        "under_chest_circumference_cm": 92.0424816608429,
        "waist_circumference_cm": 91.04201990365982,
        "height": 159.0,
        "weight": 89.0,
        "shoulder_width": 42.51419643071107,
        "hip_width": 44.23391436890541,
        "waist_width": 42.7035045686677,
        "body_height": 180.22089505913678,
        "left_arm_length": 49.15588367306729,
        "arm_circumference": 18.00831162929535,
        "left_leg_length": 101.37586646563526,
        "thigh_circumference": 30.01385271549225,
        "neck_circumference": 60.0277054309845,
        "chest_circumference": 118.13676907947237,
        "estimated_weight": 105.85678482726983,
        "hip_width_cm": 44.23391436890541,
        "waist_width_cm": 42.7035045686677,
        "body_height_cm": 180.22089505913678,
        "left_arm_length_cm": 49.15588367306729,
        "left_leg_length_cm": 101.37586646563526,
        "arm_circumference_cm": 18.00831162929535,
        "height_cm": 180.22089505913678
      },
      "metrics": {
        "mae": 30.73366572112648,
        "mape": 36.845838053967796,
        "rmse": 37.016894198307014,
        "exact_matches": 0,
        "within_5_percent": 2,
        "within_10_percent": 2,
        "total_comparisons": 13,
        "accuracy_5_percent": 15.384615384615385,
        "accuracy_10_percent": 15.384615384615385,
        "exact_accuracy": 0.0
      },
      "images_analyzed": [
        "front_img",
        "selfie_img",
        "side_img"
      ],
      "body_fat": 26.8,
      "muscle_mass": 32.8,
      "bmr": 1300
    },
    {
      "name": "female underweight",
      "ground_truth": {
        "arm_length_cm": "55.0",
        "chest_circumference_cm": "79.0",
        "front_build_cm": "31.0",
        "hips_circumference_cm": "70.0_tbr",
        "leg_length_cm": "95.0",
        "neck_circumference_cm": "33.0",
        "neck_waist_length_front_cm": "44.0",
        "pelvis_circumference_cm": "88.0",
        "shoulder_width_cm": "40.0",
        "thigh_circumference_cm": "49.0",
        "under_chest_circumference_cm": "71.0",
        "waist_circumference_cm": "68.0",
        "height": "159.0",
        "weight": "49.0",
        "age": "34",
        "gender": "female",
        "race": "latino",
        "profession": "Employees"
      },
      "predictions": {
        "arm_length_cm": 55.0,
        "chest_circumference_cm": 92.89521577112536,
        "front_build_cm": 31.0,
        "hips_circumference_cm": 70.04830801486969,
        "leg_length_cm": 95.0,
        "neck_circumference_cm": 49.271894665417406,
        "neck_waist_length_front_cm": 44.0,
        "pelvis_circumference_cm": 88.06073007583618,
        "shoulder_width_cm": 39.47041858117025,
        "thigh_circumference_cm": 30.020703434944153,
        "under_chest_circumference_cm": 71.04899812936783,
        "waist_circumference_cm": 68.04692778587341,
        "height": 159.0,
        "weight": 49.0,
        "shoulder_width": 39.47041858117025,
        "hip_width": 36.846071594149386,
        "waist_width": 37.42014363651542,
        "body_height": 179.22976240985528,
        "left_arm_length": 43.20145146555412,
        "arm_circumference": 18.01242206096649,
        "left_leg_length": 100.66767909729704,
        "thigh_circumference": 30.020703434944153,
        "neck_circumference": 49.271894665417406,
        "chest_circumference": 92.89521577112536,
        "estimated_weight": 107.71611043577698,
        "hip_width_cm": 36.846071594149386,
        "waist_width_cm": 37.42014363651542,
        "body_height_cm": 179.22976240985528,
        "left_arm_length_cm": 43.20145146555412,
        "left_leg_length_cm": 100.66767909729704,
        "arm_circumference_cm": 18.01242206096649,
        "height_cm": 179.22976240985528
      },
      "metrics": {
        "mae": 24.14125789018843,
        "mape": 38.88232785444447,
        "rmse": 28.44886975869747,
        "exact_matches": 0,
        "within_5_percent": 2,
        "within_10_percent": 2,
        "total_comparisons": 13,
        "accuracy_5_percent": 15.384615384615385,